"children","german","years_school","voc_train","university","religion","year_birth","rural","age_marriage"
2,"no",8,"no","no","Catholic",42,"yes",20
3,"no",8,"no","no","Catholic",55,"yes",21
2,"no",8,"no","no","Catholic",51,"yes",24
4,"no",8,"no","no","Catholic",54,"no",26
2,"no",8,"no","no","Catholic",46,"yes",22
2,"no",8,"no","no","Catholic",41,"no",18
2,"no",8,"no","no","Catholic",50,"no",21
2,"no",8,"no","no","Catholic",43,"yes",21
4,"no",8,"no","no","Catholic",50,"yes",18
2,"no",8,"no","no","Catholic",49,"yes",21
1,"no",8,"no","no","Catholic",55,"no",30
3,"no",8,"no","no","Catholic",56,"no",22
1,"no",8,"no","no","Catholic",47,"yes",18
2,"no",8,"no","no","Catholic",45,"yes",24
0,"no",8,"no","no","Catholic",48,"yes",20
3,"no",8,"no","no","Catholic",51,"no",26
3,"no",8,"no","no","Catholic",53,"no",26
3,"no",8,"no","no","Catholic",44,"no",26
3,"no",8,"no","no","Catholic",44,"yes",21
2,"no",8,"no","no","Catholic",47,"yes",24
4,"no",8,"no","no","Catholic",46,"yes",20
2,"no",8,"no","no","Catholic",56,"no",24
3,"no",8,"no","no","Catholic",54,"yes",21
3,"no",8,"no","no","Catholic",59,"yes",27
2,"no",8,"no","no","Catholic",46,"yes",24
4,"no",8,"no","no","Catholic",54,"yes",22
2,"no",8,"no","no","Catholic",56,"no",30
2,"no",8,"no","no","Catholic",47,"yes",22
4,"no",8,"no","no","Catholic",57,"yes",24
3,"no",8,"no","no","Catholic",44,"yes",18
1,"no",8,"no","no","Catholic",46,"yes",20
2,"no",8,"no","no","Catholic",49,"yes",18
3,"no",8,"no","no","Catholic",45,"yes",22
3,"no",8,"no","no","Catholic",45,"yes",24
3,"no",8,"no","no","Catholic",47,"yes",26
1,"no",8,"no","no","Catholic",55,"yes",23
2,"no",8,"no","no","Catholic",40,"yes",21
4,"no",8,"no","no","Catholic",52,"yes",22
3,"no",8,"no","no","Catholic",45,"yes",19
2,"no",8,"no","no","Catholic",41,"yes",23
3,"no",8,"no","no","Catholic",40,"yes",19
2,"no",8,"no","no","Catholic",47,"yes",29
3,"no",8,"no","no","Catholic",44,"yes",23
2,"no",8,"no","no","Catholic",51,"yes",28
3,"no",8,"no","no","Catholic",45,"no",21
8,"no",8,"no","no","Catholic",52,"yes",18
2,"no",8,"no","no","Catholic",48,"yes",22
4,"no",8,"no","no","Catholic",42,"yes",17
10,"no",8,"no","no","Catholic",54,"no",19
2,"no",8,"no","no","Other",47,"no",28
4,"no",8,"no","no","Protestant",40,"no",18
2,"no",8,"no","no","Catholic",54,"no",21
1,"no",8,"no","no","Catholic",41,"yes",19
1,"no",8,"no","no","Catholic",43,"yes",21
2,"no",8,"no","no","Catholic",49,"yes",17
1,"no",8,"no","no","Catholic",40,"yes",20
2,"no",8,"no","no","Catholic",48,"yes",27
2,"no",8,"no","no","Catholic",44,"no",25
1,"no",8,"no","no","Catholic",50,"yes",28
2,"no",8,"no","no","Catholic",44,"yes",17
3,"no",8,"no","no","Catholic",44,"no",19
2,"no",8,"no","no","Catholic",41,"no",21
5,"no",8,"no","no","Other",40,"no",23
2,"no",8,"no","no","Other",43,"no",20
3,"no",8,"no","no","Other",48,"yes",18
4,"no",8,"no","no","Other",41,"yes",22
3,"no",8,"no","no","Other",50,"no",30
5,"no",8,"no","no","Other",49,"yes",21
4,"no",8,"no","no","Other",55,"yes",17
5,"no",8,"no","no","Catholic",41,"no",22
4,"no",8,"no","no","Other",41,"yes",19
6,"no",8,"no","no","Other",45,"no",19
5,"no",8,"no","no","Other",47,"no",19
5,"no",8,"no","no","Other",49,"no",29
3,"no",8,"no","no","Catholic",43,"yes",18
5,"no",8,"no","no","Other",40,"yes",21
3,"no",8,"no","no","Other",56,"yes",20
3,"no",8,"no","no","Other",41,"no",21
6,"no",8,"no","no","Other",40,"no",19
2,"no",8,"no","no","Other",42,"yes",22
2,"no",8,"no","no","Other",44,"yes",17
8,"no",8,"no","no","Other",45,"yes",17
2,"no",8,"no","no","Other",52,"no",22
3,"no",8,"no","no","Other",52,"yes",20
6,"no",8,"no","no","Other",43,"yes",18
3,"no",8,"no","no","Other",48,"yes",22
6,"no",8,"no","no","Other",43,"no",22
5,"no",8,"no","no","Other",52,"no",23
8,"no",8,"no","no","Other",52,"yes",17
8,"no",8,"no","no","Other",49,"yes",21
4,"no",8,"no","no","Other",44,"no",22
3,"no",8,"no","no","Other",42,"no",20
3,"no",8,"no","no","Other",51,"no",26
4,"no",8,"no","no","Other",47,"no",20
5,"no",8,"no","no","Other",43,"no",17
3,"no",8,"no","no","Other",50,"no",19
7,"no",8,"no","no","Other",50,"no",17
9,"no",8,"no","no","Other",42,"no",18
5,"no",8,"no","no","Other",49,"yes",21
6,"no",8,"no","no","Other",51,"yes",20
3,"no",8,"no","no","Other",42,"yes",18
5,"no",8,"no","no","Other",45,"no",18
3,"no",8,"no","no","Other",49,"yes",21
4,"no",8,"no","no","Other",55,"yes",24
4,"no",8,"no","no","Other",47,"no",18
7,"no",8,"no","no","Other",45,"no",20
2,"no",8,"no","no","Other",45,"yes",18
3,"no",8,"no","no","Other",53,"no",22
6,"no",8,"no","no","Other",44,"no",25
3,"no",8,"no","no","Other",50,"yes",24
6,"no",8,"no","no","Other",50,"yes",24
10,"no",8,"no","no","Other",40,"no",18
6,"no",8,"no","no","Other",47,"yes",17
3,"no",8,"no","no","Other",52,"yes",17
4,"no",8,"no","no","Other",48,"no",23
5,"no",8,"no","no","Other",53,"no",23
4,"no",8,"no","no","Other",43,"no",30
3,"no",8,"no","no","Other",47,"no",25
5,"no",8,"no","no","Other",45,"no",20
2,"no",8,"no","no","Other",47,"yes",22
4,"no",8,"no","no","Other",56,"yes",28
4,"no",8,"no","no","Other",43,"no",18
5,"no",8,"no","no","Other",43,"no",18
4,"no",8,"no","no","Other",46,"no",27
3,"no",8,"no","no","Other",51,"yes",19
2,"no",8,"no","no","Other",40,"no",26
6,"no",8,"no","no","Other",41,"no",22
6,"no",8,"no","no","Other",41,"yes",18
5,"no",8,"no","no","Other",41,"yes",18
3,"no",8,"no","no","Other",52,"yes",22
0,"no",8,"no","no","Other",49,"yes",17
0,"no",8,"no","no","Other",52,"no",19
6,"no",8,"no","no","Other",40,"yes",20
5,"no",8,"no","no","Other",40,"no",21
4,"no",8,"no","no","Other",53,"no",20
1,"yes",8,"no","no","Protestant",54,"no",23
3,"yes",8,"no","no","Protestant",58,"no",25
5,"yes",9,"no","no","Protestant",50,"no",20
0,"yes",9,"no","no","Catholic",54,"no",26
4,"yes",9,"no","no","Protestant",45,"no",21
1,"yes",9,"no","no","Protestant",47,"no",18
3,"yes",9,"no","no","Protestant",49,"no",20
0,"yes",9,"no","no","Protestant",56,"no",24
1,"yes",9,"no","no","Protestant",47,"yes",22
0,"yes",9,"no","no","Catholic",51,"no",25
2,"yes",9,"no","no","Protestant",66,"yes",24
1,"yes",9,"no","no","Protestant",65,"yes",22
2,"yes",9,"no","no","Protestant",54,"no",23
8,"yes",9,"no","no","Protestant",52,"no",20
2,"yes",9,"no","no","Protestant",40,"no",25
1,"yes",9,"no","no","Protestant",45,"no",21
2,"yes",9,"no","no","Protestant",77,"no",25
0,"yes",9,"no","no","Protestant",55,"yes",20
2,"yes",9,"no","no","Protestant",62,"yes",27
2,"yes",9,"no","no","Protestant",44,"no",28
2,"yes",9,"no","no","Protestant",77,"yes",22
2,"yes",9,"no","no","Protestant",58,"yes",28
1,"yes",9,"no","no","Protestant",71,"yes",27
3,"yes",9,"no","no","Protestant",65,"no",28
0,"yes",9,"no","no","Catholic",55,"yes",26
1,"yes",9,"no","no","Protestant",47,"no",19
2,"yes",9,"no","no","Protestant",61,"no",24
2,"yes",9,"no","no","Protestant",62,"yes",22
1,"yes",9,"no","no","Protestant",79,"yes",21
2,"yes",9,"no","no","Protestant",74,"yes",21
5,"yes",9,"no","no","Protestant",43,"yes",18
2,"yes",9,"no","no","Protestant",51,"yes",21
2,"yes",9,"no","no","Protestant",47,"yes",22
2,"yes",9,"no","no","Protestant",50,"yes",23
2,"yes",9,"no","no","Protestant",64,"yes",23
1,"yes",9,"no","no","Protestant",56,"no",28
0,"yes",9,"no","no","Protestant",50,"yes",24
1,"yes",9,"no","no","Catholic",56,"no",21
1,"yes",9,"no","no","Protestant",50,"no",22
3,"yes",9,"no","no","Protestant",40,"yes",19
4,"yes",9,"no","no","Protestant",47,"yes",21
3,"yes",9,"no","no","Protestant",60,"yes",21
2,"yes",9,"no","no","Protestant",62,"yes",26
4,"yes",9,"no","no","Protestant",50,"yes",19
4,"yes",9,"no","no","Protestant",57,"yes",21
3,"yes",9,"no","no","Protestant",49,"yes",23
1,"yes",9,"no","no","Protestant",62,"no",23
2,"yes",9,"no","no","Protestant",49,"yes",22
1,"yes",9,"no","no","Protestant",56,"yes",28
2,"yes",9,"no","no","Protestant",48,"no",26
2,"yes",9,"no","no","Protestant",54,"no",26
2,"yes",9,"no","no","Catholic",43,"yes",17
3,"yes",9,"no","no","Protestant",59,"yes",25
6,"yes",9,"no","no","Protestant",54,"yes",21
2,"yes",9,"no","no","Protestant",52,"yes",24
3,"yes",9,"no","no","Protestant",62,"yes",25
2,"yes",9,"no","no","Protestant",52,"no",22
3,"yes",9,"no","no","Protestant",63,"no",21
3,"yes",9,"no","no","Protestant",54,"no",21
2,"yes",9,"no","no","Protestant",43,"no",20
4,"yes",9,"no","no","Protestant",47,"yes",24
1,"yes",9,"no","no","Protestant",79,"no",25
3,"yes",9,"no","no","Protestant",52,"yes",21
1,"yes",9,"no","no","Protestant",64,"yes",25
3,"yes",9,"no","no","Protestant",61,"yes",23
4,"yes",9,"no","no","Protestant",56,"yes",18
2,"yes",9,"no","no","Protestant",45,"yes",22
1,"yes",9,"no","no","Protestant",75,"no",28
0,"yes",9,"no","no","Protestant",45,"yes",27
2,"yes",9,"no","no","Protestant",47,"no",24
2,"yes",9,"no","no","Protestant",62,"yes",29
2,"yes",9,"no","no","Protestant",48,"yes",24
4,"yes",9,"no","no","Protestant",48,"yes",19
2,"yes",9,"no","no","Protestant",49,"no",22
2,"yes",9,"no","no","Protestant",49,"no",27
5,"yes",9,"no","no","Protestant",58,"yes",20
3,"yes",9,"no","no","Protestant",52,"yes",27
2,"yes",9,"no","no","Protestant",48,"yes",22
1,"yes",9,"no","no","Protestant",65,"no",28
2,"yes",9,"no","no","Protestant",68,"yes",20
2,"yes",9,"no","no","Protestant",60,"no",23
3,"yes",9,"no","no","Protestant",64,"no",19
0,"yes",9,"no","no","Protestant",71,"no",23
1,"yes",9,"no","no","Protestant",64,"no",25
3,"yes",9,"no","no","Catholic",54,"yes",22
2,"yes",9,"no","no","Protestant",49,"no",19
2,"yes",9,"no","no","Protestant",48,"yes",24
2,"yes",9,"no","no","Catholic",49,"no",20
2,"yes",9,"no","no","Protestant",63,"no",25
4,"yes",9,"no","no","Protestant",53,"no",20
5,"yes",9,"no","no","Protestant",52,"no",24
1,"yes",9,"no","no","Protestant",47,"no",21
1,"yes",9,"no","no","Protestant",59,"yes",24
1,"yes",9,"no","no","Protestant",54,"yes",28
1,"yes",9,"no","no","Protestant",59,"no",24
0,"yes",9,"no","no","Protestant",55,"no",24
2,"yes",9,"no","no","Protestant",58,"yes",23
1,"yes",9,"no","no","Protestant",54,"no",21
1,"yes",9,"no","no","Protestant",58,"yes",30
4,"yes",9,"no","no","Protestant",65,"yes",29
1,"yes",9,"no","no","Protestant",58,"yes",23
2,"yes",9,"no","no","Protestant",45,"yes",26
2,"yes",9,"no","no","Protestant",53,"yes",27
2,"yes",9,"no","no","Protestant",46,"yes",23
1,"yes",9,"no","no","Protestant",40,"no",22
1,"yes",9,"no","no","Protestant",49,"yes",19
3,"yes",9,"no","no","Protestant",53,"yes",25
1,"yes",9,"no","no","Catholic",62,"no",21
1,"yes",9,"no","no","Protestant",62,"yes",27
1,"yes",9,"no","no","Protestant",56,"no",19
1,"yes",9,"no","no","Protestant",56,"no",24
2,"yes",9,"no","no","Catholic",46,"no",25
3,"yes",9,"no","no","Protestant",45,"yes",20
2,"yes",9,"no","no","Protestant",46,"yes",27
0,"yes",9,"no","no","Protestant",47,"yes",28
2,"yes",9,"no","no","Protestant",60,"yes",27
4,"yes",9,"no","no","Protestant",57,"no",22
4,"yes",9,"no","no","Protestant",52,"yes",22
4,"yes",9,"no","no","Protestant",63,"yes",19
1,"yes",9,"no","no","Protestant",50,"no",19
2,"yes",9,"no","no","Protestant",63,"no",24
2,"yes",9,"no","no","Protestant",47,"no",19
1,"yes",9,"no","no","Protestant",61,"no",26
1,"yes",9,"no","no","Protestant",46,"no",22
1,"yes",9,"no","no","Protestant",44,"no",19
1,"yes",9,"no","no","Protestant",57,"yes",23
2,"yes",9,"no","no","Protestant",55,"no",27
2,"yes",9,"no","no","Protestant",57,"no",24
2,"yes",9,"no","no","Protestant",43,"yes",19
2,"yes",9,"no","no","Protestant",50,"yes",20
2,"yes",9,"no","no","Protestant",67,"no",25
2,"yes",9,"no","no","Protestant",67,"yes",29
3,"yes",9,"no","no","Protestant",48,"no",22
3,"yes",9,"no","no","Protestant",57,"no",22
1,"yes",9,"no","no","Protestant",59,"yes",29
4,"yes",9,"no","no","Protestant",62,"no",22
1,"yes",9,"no","no","Protestant",55,"yes",19
2,"yes",9,"no","no","Protestant",78,"no",27
2,"yes",9,"no","no","Protestant",57,"yes",24
1,"yes",9,"no","no","Protestant",60,"yes",27
3,"yes",9,"no","no","Protestant",55,"yes",23
2,"yes",9,"no","no","Protestant",64,"yes",21
3,"yes",9,"no","no","Protestant",46,"yes",20
1,"yes",9,"no","no","Protestant",55,"yes",22
2,"yes",9,"no","no","Catholic",64,"no",22
2,"yes",9,"no","no","Protestant",64,"yes",21
5,"yes",9,"no","no","Protestant",52,"yes",27
3,"yes",9,"no","no","Protestant",44,"no",19
2,"yes",9,"no","no","Protestant",48,"yes",23
2,"yes",9,"no","no","Protestant",44,"yes",19
2,"yes",9,"no","no","Protestant",56,"yes",21
2,"yes",9,"no","no","Protestant",50,"yes",23
1,"yes",9,"no","no","Protestant",51,"yes",26
2,"yes",9,"no","no","Protestant",48,"yes",23
2,"yes",9,"no","no","Protestant",56,"no",23
0,"yes",9,"no","no","Protestant",64,"yes",25
3,"yes",9,"no","no","Protestant",64,"yes",24
9,"yes",9,"no","no","Protestant",65,"no",20
6,"yes",9,"no","no","Protestant",45,"yes",18
4,"yes",9,"no","no","Protestant",64,"yes",26
1,"yes",9,"no","no","Catholic",64,"yes",26
2,"yes",9,"no","no","Protestant",65,"yes",22
3,"yes",9,"no","no","Protestant",55,"yes",22
2,"yes",9,"no","no","Protestant",51,"no",23
0,"yes",9,"no","no","Protestant",48,"no",20
3,"yes",9,"no","no","Protestant",61,"yes",25
1,"yes",9,"no","no","Protestant",62,"no",27
4,"yes",9,"no","no","Protestant",73,"yes",26
0,"yes",9,"no","no","Protestant",50,"yes",22
3,"yes",9,"no","no","Protestant",50,"yes",24
1,"yes",9,"no","no","Protestant",55,"no",23
1,"yes",9,"no","no","Protestant",62,"no",26
5,"yes",9,"no","no","Protestant",45,"yes",23
3,"yes",9,"no","no","Protestant",48,"yes",20
2,"yes",9,"no","no","Protestant",64,"yes",27
1,"yes",9,"no","no","Protestant",75,"yes",28
1,"yes",9,"no","no","Protestant",64,"no",28
2,"yes",9,"no","no","Protestant",60,"yes",25
1,"yes",9,"no","no","Protestant",55,"yes",26
2,"yes",9,"no","no","Protestant",48,"no",19
8,"yes",9,"no","no","Protestant",75,"no",20
2,"yes",9,"no","no","Protestant",55,"yes",23
4,"yes",9,"no","no","Protestant",71,"yes",23
4,"yes",9,"no","no","Protestant",45,"no",18
1,"yes",9,"no","no","Protestant",59,"yes",22
2,"yes",9,"no","no","Protestant",46,"yes",21
3,"yes",9,"no","no","Protestant",54,"yes",22
2,"yes",9,"no","no","Protestant",48,"yes",26
1,"yes",9,"no","no","Protestant",53,"yes",23
1,"yes",9,"no","no","Protestant",53,"yes",22
2,"yes",9,"no","no","Protestant",66,"yes",27
0,"yes",9,"no","no","Protestant",45,"yes",26
3,"yes",9,"no","no","Protestant",53,"yes",21
2,"yes",9,"no","no","Protestant",45,"no",23
1,"yes",9,"no","no","Protestant",83,"yes",26
2,"yes",9,"no","no","Catholic",71,"yes",25
2,"yes",9,"no","no","Catholic",52,"no",18
2,"yes",9,"no","no","Catholic",51,"yes",22
4,"yes",9,"no","no","Protestant",46,"yes",22
2,"yes",9,"no","no","Catholic",46,"no",18
0,"yes",9,"no","no","Protestant",61,"yes",25
2,"yes",9,"no","no","Protestant",53,"no",24
2,"yes",9,"no","no","Protestant",47,"yes",24
1,"yes",9,"no","no","Protestant",45,"no",21
2,"yes",9,"no","no","Protestant",59,"yes",25
3,"yes",9,"no","no","Protestant",41,"yes",24
1,"yes",9,"no","no","Protestant",51,"yes",26
0,"yes",9,"no","no","Protestant",43,"no",27
1,"yes",9,"no","no","Protestant",50,"no",18
0,"yes",9,"no","no","Protestant",71,"yes",22
1,"yes",9,"no","no","Protestant",57,"yes",20
2,"yes",9,"no","no","Protestant",60,"yes",21
4,"yes",9,"no","no","Protestant",47,"yes",19
3,"yes",9,"no","no","Protestant",56,"yes",23
2,"yes",9,"no","no","Protestant",44,"yes",21
1,"yes",9,"no","no","Protestant",58,"no",21
4,"yes",9,"no","no","Protestant",44,"yes",25
3,"yes",9,"no","no","Catholic",53,"yes",24
0,"yes",9,"no","no","Protestant",71,"yes",29
2,"yes",9,"no","no","Protestant",51,"yes",20
2,"yes",9,"no","no","Protestant",76,"yes",25
2,"yes",9,"no","no","Protestant",75,"yes",28
2,"yes",9,"no","no","Protestant",61,"yes",24
10,"yes",9,"no","no","Protestant",58,"yes",23
5,"yes",9,"no","no","Protestant",62,"yes",23
4,"yes",9,"no","no","Protestant",69,"yes",18
2,"yes",9,"no","no","Protestant",56,"no",24
3,"yes",9,"no","no","Protestant",52,"yes",23
11,"yes",9,"no","no","Protestant",58,"yes",25
3,"yes",9,"no","no","Protestant",44,"yes",27
2,"yes",9,"no","no","Protestant",70,"no",21
1,"yes",9,"no","no","Protestant",51,"no",18
1,"yes",9,"no","no","Protestant",60,"yes",25
2,"yes",9,"no","no","Protestant",57,"yes",24
1,"yes",9,"no","no","Protestant",45,"no",19
2,"yes",9,"no","no","Catholic",55,"no",21
3,"yes",9,"no","no","Protestant",62,"yes",26
2,"yes",9,"no","no","Protestant",63,"yes",25
1,"yes",9,"no","no","Protestant",56,"no",20
2,"yes",9,"no","no","Protestant",54,"yes",22
4,"yes",9,"no","no","Protestant",50,"yes",20
3,"yes",9,"no","no","Protestant",46,"yes",24
2,"yes",9,"no","no","Protestant",52,"no",26
2,"yes",10,"no","no","Catholic",44,"no",20
5,"yes",10,"no","no","Protestant",55,"no",20
3,"yes",10,"no","no","Protestant",73,"no",30
1,"yes",10,"no","no","Protestant",54,"yes",25
2,"yes",10,"no","no","Protestant",53,"no",24
2,"yes",10,"no","no","Protestant",56,"no",24
2,"yes",10,"no","no","Catholic",56,"yes",26
4,"yes",10,"no","no","Protestant",54,"no",24
2,"yes",10,"no","no","Protestant",54,"no",22
1,"yes",10,"no","no","Protestant",62,"yes",24
1,"yes",10,"no","no","Protestant",44,"yes",24
3,"yes",10,"no","no","Protestant",40,"yes",25
2,"yes",10,"no","no","Protestant",64,"no",23
1,"yes",10,"no","no","Catholic",57,"no",29
3,"yes",10,"no","no","Protestant",56,"no",27
2,"yes",10,"no","no","Protestant",63,"no",18
2,"yes",10,"no","no","Protestant",47,"no",24
7,"yes",13,"no","no","Protestant",74,"no",20
2,"yes",13,"no","no","Protestant",70,"no",22
2,"no",8,"yes","no","Catholic",44,"yes",21
2,"no",8,"yes","no","Catholic",52,"yes",29
3,"no",8,"yes","no","Catholic",42,"no",25
2,"no",8,"yes","no","Catholic",43,"no",23
3,"no",8,"yes","no","Catholic",48,"no",21
3,"no",8,"yes","no","Catholic",47,"no",28
3,"no",8,"yes","no","Catholic",46,"yes",18
2,"no",8,"yes","no","Catholic",55,"yes",23
4,"no",8,"yes","no","Protestant",41,"no",21
0,"no",8,"yes","no","Catholic",41,"no",25
3,"no",8,"yes","no","Catholic",54,"no",19
4,"no",8,"yes","no","Other",55,"no",25
2,"no",8,"yes","no","Catholic",40,"no",27
6,"no",8,"yes","no","Other",43,"no",18
3,"yes",8,"yes","no","Protestant",52,"no",28
2,"yes",9,"yes","no","Protestant",72,"no",22
2,"yes",9,"yes","no","Protestant",60,"no",25
0,"yes",9,"yes","no","Protestant",57,"yes",28
1,"yes",9,"yes","no","Protestant",45,"no",22
2,"yes",9,"yes","no","Catholic",59,"no",21
2,"yes",9,"yes","no","Catholic",61,"no",23
3,"yes",9,"yes","no","Protestant",41,"no",23
2,"yes",9,"yes","no","Protestant",41,"yes",22
2,"yes",9,"yes","no","Protestant",51,"yes",23
2,"yes",9,"yes","no","Protestant",47,"no",24
2,"yes",9,"yes","no","Protestant",46,"no",22
3,"yes",9,"yes","no","Protestant",46,"no",21
2,"yes",9,"yes","no","Protestant",65,"no",27
2,"yes",9,"yes","no","Protestant",41,"yes",22
6,"yes",9,"yes","no","Protestant",46,"no",21
1,"yes",9,"yes","no","Protestant",49,"no",23
2,"yes",9,"yes","no","Catholic",40,"yes",20
0,"yes",9,"yes","no","Protestant",73,"no",24
0,"yes",9,"yes","no","Protestant",66,"no",22
1,"yes",9,"yes","no","Protestant",55,"no",22
1,"yes",9,"yes","no","Protestant",44,"yes",21
2,"yes",9,"yes","no","Catholic",71,"no",23
0,"yes",9,"yes","no","Protestant",50,"no",21
2,"yes",9,"yes","no","Protestant",46,"yes",23
4,"yes",9,"yes","no","Protestant",59,"yes",19
2,"yes",9,"yes","no","Protestant",61,"no",24
2,"yes",9,"yes","no","Protestant",64,"no",19
1,"yes",9,"yes","no","Protestant",45,"yes",25
3,"yes",9,"yes","no","Protestant",50,"no",20
3,"yes",9,"yes","no","Protestant",46,"no",22
2,"yes",9,"yes","no","Protestant",43,"yes",25
2,"yes",9,"yes","no","Protestant",69,"no",25
2,"yes",9,"yes","no","Protestant",43,"no",20
2,"yes",9,"yes","no","Protestant",40,"no",24
0,"yes",9,"yes","no","Protestant",54,"yes",24
2,"yes",9,"yes","no","Catholic",47,"no",20
2,"yes",9,"yes","no","Protestant",81,"no",18
2,"yes",9,"yes","no","Protestant",56,"no",20
5,"yes",9,"yes","no","Protestant",58,"yes",23
2,"yes",9,"yes","no","Protestant",43,"yes",18
3,"yes",9,"yes","no","Protestant",44,"no",21
3,"yes",9,"yes","no","Protestant",55,"yes",29
1,"yes",9,"yes","no","Protestant",52,"no",23
4,"yes",9,"yes","no","Protestant",73,"no",22
2,"yes",9,"yes","no","Protestant",42,"yes",20
1,"yes",9,"yes","no","Protestant",44,"no",22
2,"yes",9,"yes","no","Protestant",42,"yes",24
0,"yes",9,"yes","no","Protestant",54,"yes",25
2,"yes",9,"yes","no","Catholic",42,"no",20
2,"yes",9,"yes","no","Protestant",57,"yes",26
2,"yes",9,"yes","no","Protestant",46,"no",24
4,"yes",9,"yes","no","Protestant",42,"no",21
3,"yes",9,"yes","no","Protestant",47,"no",22
2,"yes",9,"yes","no","Catholic",51,"no",29
3,"yes",9,"yes","no","Protestant",45,"yes",25
2,"yes",9,"yes","no","Protestant",43,"no",22
1,"yes",9,"yes","no","Protestant",46,"yes",22
2,"yes",9,"yes","no","Protestant",49,"no",21
1,"yes",9,"yes","no","Catholic",66,"no",20
2,"yes",9,"yes","no","Protestant",71,"no",26
6,"yes",9,"yes","no","Protestant",59,"no",24
2,"yes",9,"yes","no","Protestant",44,"yes",20
0,"yes",9,"yes","no","Protestant",52,"no",24
2,"yes",9,"yes","no","Protestant",57,"no",24
1,"yes",9,"yes","no","Protestant",44,"no",21
1,"yes",9,"yes","no","Protestant",46,"no",22
1,"yes",9,"yes","no","Protestant",63,"no",20
1,"yes",9,"yes","no","Protestant",54,"yes",19
1,"yes",9,"yes","no","Protestant",48,"no",25
1,"yes",9,"yes","no","Protestant",41,"no",21
2,"yes",9,"yes","no","Protestant",47,"yes",25
2,"yes",9,"yes","no","Protestant",44,"yes",22
1,"yes",9,"yes","no","Protestant",57,"yes",22
2,"yes",9,"yes","no","Protestant",43,"yes",21
4,"yes",9,"yes","no","Protestant",41,"yes",17
1,"yes",9,"yes","no","Protestant",64,"no",20
1,"yes",9,"yes","no","Protestant",40,"no",22
1,"yes",9,"yes","no","Protestant",46,"no",24
2,"yes",9,"yes","no","Protestant",46,"no",20
1,"yes",9,"yes","no","Protestant",50,"yes",22
6,"yes",9,"yes","no","Protestant",48,"no",22
1,"yes",9,"yes","no","Protestant",43,"no",22
2,"yes",9,"yes","no","Protestant",47,"no",22
1,"yes",9,"yes","no","Protestant",48,"no",20
2,"yes",9,"yes","no","Protestant",61,"no",22
2,"yes",9,"yes","no","Protestant",47,"no",21
1,"yes",9,"yes","no","Protestant",57,"no",22
1,"yes",9,"yes","no","Protestant",50,"yes",25
1,"yes",9,"yes","no","Protestant",59,"yes",26
1,"yes",9,"yes","no","Protestant",50,"no",21
2,"yes",9,"yes","no","Protestant",41,"yes",21
3,"yes",9,"yes","no","Protestant",41,"yes",20
2,"yes",9,"yes","no","Protestant",58,"no",23
3,"yes",9,"yes","no","Protestant",41,"yes",21
3,"yes",9,"yes","no","Protestant",63,"yes",29
4,"yes",9,"yes","no","Protestant",55,"yes",22
1,"yes",9,"yes","no","Protestant",62,"no",24
2,"yes",9,"yes","no","Protestant",47,"yes",24
2,"yes",9,"yes","no","Protestant",48,"yes",22
1,"yes",9,"yes","no","Protestant",44,"no",26
2,"yes",9,"yes","no","Protestant",45,"no",26
2,"yes",9,"yes","no","Protestant",44,"no",19
2,"yes",9,"yes","no","Protestant",59,"no",22
1,"yes",9,"yes","no","Protestant",65,"no",19
0,"yes",9,"yes","no","Protestant",57,"yes",22
2,"yes",9,"yes","no","Protestant",49,"no",30
2,"yes",9,"yes","no","Protestant",44,"yes",20
3,"yes",9,"yes","no","Protestant",46,"no",25
2,"yes",9,"yes","no","Protestant",46,"no",24
2,"yes",9,"yes","no","Protestant",41,"no",19
2,"yes",9,"yes","no","Protestant",41,"yes",20
3,"yes",9,"yes","no","Protestant",42,"yes",21
4,"yes",9,"yes","no","Protestant",48,"yes",21
2,"yes",9,"yes","no","Protestant",49,"yes",24
4,"yes",9,"yes","no","Protestant",49,"yes",20
3,"yes",9,"yes","no","Protestant",41,"yes",21
2,"yes",9,"yes","no","Protestant",47,"no",25
1,"yes",9,"yes","no","Protestant",59,"yes",27
2,"yes",9,"yes","no","Protestant",49,"no",23
0,"yes",9,"yes","no","Protestant",56,"no",20
2,"yes",9,"yes","no","Protestant",41,"yes",24
0,"yes",9,"yes","no","Protestant",76,"yes",26
2,"yes",9,"yes","no","Protestant",44,"no",20
1,"yes",9,"yes","no","Protestant",75,"no",27
1,"yes",9,"yes","no","Protestant",59,"yes",29
2,"yes",9,"yes","no","Protestant",43,"no",23
2,"yes",9,"yes","no","Catholic",70,"no",21
4,"yes",9,"yes","no","Protestant",46,"yes",20
2,"yes",9,"yes","no","Protestant",51,"yes",23
2,"yes",9,"yes","no","Protestant",44,"no",19
2,"yes",9,"yes","no","Protestant",41,"yes",20
1,"yes",9,"yes","no","Protestant",51,"yes",25
2,"yes",9,"yes","no","Protestant",60,"no",24
2,"yes",9,"yes","no","Protestant",58,"yes",27
2,"yes",9,"yes","no","Protestant",48,"no",25
2,"yes",9,"yes","no","Protestant",43,"no",22
2,"yes",9,"yes","no","Protestant",56,"no",21
3,"yes",9,"yes","no","Protestant",70,"no",26
0,"yes",9,"yes","no","Protestant",46,"yes",24
3,"yes",9,"yes","no","Protestant",62,"no",26
3,"yes",9,"yes","no","Protestant",43,"yes",20
1,"yes",9,"yes","no","Protestant",41,"yes",22
6,"yes",9,"yes","no","Protestant",48,"no",21
3,"yes",9,"yes","no","Protestant",44,"no",24
2,"yes",9,"yes","no","Protestant",63,"yes",30
2,"yes",9,"yes","no","Protestant",60,"yes",25
0,"yes",9,"yes","no","Protestant",43,"yes",29
2,"yes",9,"yes","no","Protestant",48,"yes",20
1,"yes",9,"yes","no","Protestant",44,"no",22
2,"yes",9,"yes","no","Protestant",46,"no",20
1,"yes",9,"yes","no","Protestant",59,"yes",23
1,"yes",9,"yes","no","Protestant",43,"yes",21
1,"yes",9,"yes","no","Protestant",45,"no",21
0,"yes",9,"yes","no","Protestant",45,"no",20
2,"yes",9,"yes","no","Catholic",46,"yes",25
1,"yes",9,"yes","no","Protestant",67,"no",23
2,"yes",9,"yes","no","Protestant",59,"yes",21
5,"yes",9,"yes","no","Protestant",60,"yes",28
1,"yes",9,"yes","no","Protestant",64,"yes",26
2,"yes",9,"yes","no","Protestant",44,"no",24
1,"yes",9,"yes","no","Protestant",72,"yes",21
0,"yes",9,"yes","no","Catholic",49,"no",28
2,"yes",9,"yes","no","Protestant",41,"no",21
2,"yes",9,"yes","no","Protestant",42,"no",23
3,"yes",9,"yes","no","Protestant",51,"yes",23
2,"yes",9,"yes","no","Protestant",56,"no",22
0,"yes",9,"yes","no","Catholic",42,"no",22
2,"yes",9,"yes","no","Protestant",59,"no",25
2,"yes",9,"yes","no","Protestant",44,"yes",25
2,"yes",9,"yes","no","Protestant",46,"no",28
2,"yes",9,"yes","no","Protestant",44,"no",23
2,"yes",9,"yes","no","Protestant",56,"yes",21
3,"yes",9,"yes","no","Protestant",42,"no",19
3,"yes",9,"yes","no","Protestant",45,"no",21
2,"yes",9,"yes","no","Protestant",49,"no",19
1,"yes",9,"yes","no","Protestant",44,"yes",26
3,"yes",9,"yes","no","Protestant",55,"yes",26
1,"yes",9,"yes","no","Protestant",54,"no",23
2,"yes",9,"yes","no","Protestant",63,"yes",24
3,"yes",9,"yes","no","Catholic",45,"no",20
4,"yes",9,"yes","no","Protestant",58,"yes",23
3,"yes",9,"yes","no","Protestant",49,"yes",21
1,"yes",9,"yes","no","Protestant",47,"yes",18
2,"yes",9,"yes","no","Catholic",71,"no",26
2,"yes",9,"yes","no","Protestant",41,"no",22
2,"yes",9,"yes","no","Protestant",46,"yes",24
1,"yes",9,"yes","no","Protestant",64,"no",25
1,"yes",9,"yes","no","Protestant",60,"no",28
2,"yes",9,"yes","no","Protestant",68,"yes",23
2,"yes",9,"yes","no","Protestant",54,"yes",23
4,"yes",9,"yes","no","Protestant",58,"no",25
1,"yes",9,"yes","no","Protestant",57,"yes",21
2,"yes",9,"yes","no","Protestant",62,"no",29
2,"yes",9,"yes","no","Protestant",61,"yes",27
2,"yes",9,"yes","no","Protestant",64,"no",25
2,"yes",9,"yes","no","Protestant",70,"no",23
1,"yes",9,"yes","no","Protestant",50,"yes",24
2,"yes",9,"yes","no","Protestant",41,"no",23
2,"yes",9,"yes","no","Protestant",58,"yes",25
2,"yes",9,"yes","no","Protestant",61,"no",19
1,"yes",9,"yes","no","Protestant",51,"yes",19
1,"yes",9,"yes","no","Protestant",46,"yes",23
1,"yes",9,"yes","no","Protestant",61,"no",18
2,"yes",9,"yes","no","Protestant",47,"no",22
3,"yes",9,"yes","no","Protestant",45,"yes",26
2,"yes",9,"yes","no","Protestant",44,"no",25
2,"yes",9,"yes","no","Protestant",44,"no",26
4,"yes",9,"yes","no","Protestant",45,"no",21
2,"yes",10,"yes","no","Protestant",40,"no",23
3,"yes",10,"yes","no","Catholic",63,"no",19
2,"yes",10,"yes","no","Catholic",41,"no",22
1,"yes",10,"yes","no","Catholic",41,"no",19
0,"yes",10,"yes","no","Catholic",56,"no",29
4,"yes",10,"yes","no","Protestant",62,"no",22
1,"yes",10,"yes","no","Protestant",42,"yes",20
3,"yes",10,"yes","no","Protestant",49,"no",24
1,"yes",10,"yes","no","Catholic",41,"no",21
1,"yes",10,"yes","no","Protestant",78,"no",26
4,"yes",10,"yes","no","Protestant",43,"yes",24
2,"yes",10,"yes","no","Protestant",56,"no",29
1,"yes",10,"yes","no","Catholic",46,"no",22
2,"yes",10,"yes","no","Protestant",44,"yes",23
2,"yes",10,"yes","no","Protestant",42,"no",19
2,"yes",10,"yes","no","Protestant",43,"yes",23
2,"yes",10,"yes","no","Protestant",55,"no",24
2,"yes",10,"yes","no","Protestant",64,"no",23
3,"yes",10,"yes","no","Protestant",70,"no",26
3,"yes",10,"yes","no","Protestant",45,"yes",25
1,"yes",10,"yes","no","Protestant",54,"no",21
2,"yes",10,"yes","no","Protestant",40,"no",21
1,"yes",10,"yes","no","Catholic",42,"no",23
3,"yes",10,"yes","no","Protestant",50,"yes",23
1,"yes",10,"yes","no","Protestant",42,"no",25
1,"yes",10,"yes","no","Protestant",40,"yes",21
1,"yes",10,"yes","no","Protestant",57,"no",22
2,"yes",10,"yes","no","Protestant",40,"no",21
1,"yes",10,"yes","no","Catholic",47,"yes",19
2,"yes",10,"yes","no","Protestant",45,"no",27
1,"yes",10,"yes","no","Protestant",64,"no",20
2,"yes",10,"yes","no","Protestant",46,"no",22
5,"yes",10,"yes","no","Protestant",78,"no",28
2,"yes",10,"yes","no","Protestant",61,"no",26
1,"yes",10,"yes","no","Protestant",43,"no",21
2,"yes",10,"yes","no","Protestant",56,"no",24
2,"yes",10,"yes","no","Protestant",45,"yes",25
1,"yes",10,"yes","no","Protestant",45,"yes",23
1,"yes",10,"yes","no","Protestant",72,"yes",23
3,"yes",10,"yes","no","Protestant",68,"no",23
3,"yes",10,"yes","no","Protestant",70,"yes",27
1,"yes",10,"yes","no","Protestant",44,"no",28
2,"yes",10,"yes","no","Protestant",44,"yes",27
3,"yes",10,"yes","no","Protestant",46,"yes",21
3,"yes",10,"yes","no","Catholic",41,"no",23
2,"yes",10,"yes","no","Catholic",42,"no",19
2,"yes",10,"yes","no","Protestant",50,"yes",23
2,"yes",10,"yes","no","Protestant",46,"no",26
1,"yes",10,"yes","no","Protestant",46,"yes",22
2,"yes",10,"yes","no","Protestant",55,"no",25
3,"yes",10,"yes","no","Catholic",53,"yes",25
1,"yes",10,"yes","no","Protestant",64,"no",26
1,"yes",10,"yes","no","Catholic",50,"no",19
0,"yes",10,"yes","no","Catholic",58,"no",24
2,"yes",10,"yes","no","Protestant",48,"no",21
1,"yes",10,"yes","no","Protestant",69,"no",21
2,"yes",10,"yes","no","Protestant",46,"yes",29
1,"yes",10,"yes","no","Protestant",64,"yes",25
2,"yes",10,"yes","no","Protestant",46,"no",23
2,"yes",10,"yes","no","Protestant",53,"no",25
2,"yes",10,"yes","no","Protestant",59,"yes",24
3,"yes",10,"yes","no","Protestant",47,"no",21
3,"yes",10,"yes","no","Protestant",45,"no",23
2,"yes",10,"yes","no","Protestant",45,"no",27
3,"yes",10,"yes","no","Protestant",40,"yes",23
3,"yes",10,"yes","no","Protestant",62,"no",23
2,"yes",10,"yes","no","Protestant",60,"no",26
2,"yes",10,"yes","no","Protestant",51,"yes",25
1,"yes",10,"yes","no","Protestant",72,"no",23
2,"yes",10,"yes","no","Protestant",44,"yes",22
2,"yes",10,"yes","no","Protestant",49,"no",20
2,"yes",10,"yes","no","Protestant",42,"no",29
1,"yes",10,"yes","no","Protestant",50,"yes",24
1,"yes",10,"yes","no","Protestant",43,"no",27
2,"yes",10,"yes","no","Protestant",50,"no",24
3,"yes",10,"yes","no","Protestant",60,"yes",18
3,"yes",10,"yes","no","Protestant",53,"no",29
2,"yes",10,"yes","no","Protestant",40,"no",21
1,"yes",10,"yes","no","Catholic",40,"no",19
0,"yes",10,"yes","no","Protestant",50,"no",24
3,"yes",10,"yes","no","Protestant",58,"yes",21
2,"yes",10,"yes","no","Catholic",65,"no",25
1,"yes",10,"yes","no","Protestant",50,"no",25
2,"yes",10,"yes","no","Protestant",41,"yes",20
0,"yes",10,"yes","no","Protestant",66,"yes",25
1,"yes",10,"yes","no","Protestant",51,"no",29
2,"yes",10,"yes","no","Protestant",43,"yes",24
2,"yes",12,"yes","no","Protestant",44,"no",24
2,"yes",12,"yes","no","Protestant",55,"yes",26
2,"yes",12,"yes","no","Protestant",73,"no",25
3,"yes",12,"yes","no","Catholic",46,"no",18
1,"yes",13,"yes","no","Protestant",47,"yes",24
3,"yes",13,"yes","no","Catholic",60,"no",25
3,"yes",13,"yes","no","Protestant",64,"no",21
3,"yes",13,"yes","no","Protestant",42,"yes",23
1,"yes",13,"yes","no","Protestant",58,"yes",27
3,"yes",13,"yes","no","Protestant",62,"no",22
0,"yes",13,"yes","no","Catholic",41,"yes",25
3,"yes",13,"yes","no","Protestant",59,"no",24
2,"no",8,"no","yes","Other",41,"no",25
3,"yes",10,"no","yes","Protestant",61,"no",27
2,"yes",10,"no","yes","Catholic",50,"no",23
3,"yes",10,"no","yes","Protestant",60,"no",23
2,"yes",12,"no","yes","Protestant",53,"no",26
0,"yes",12,"no","yes","Protestant",47,"yes",23
2,"no",13,"no","yes","Catholic",41,"yes",26
2,"no",13,"no","yes","Protestant",41,"no",23
1,"yes",13,"no","yes","Catholic",41,"yes",24
2,"yes",13,"no","yes","Protestant",55,"no",25
2,"yes",13,"no","yes","Catholic",56,"no",22
3,"yes",13,"no","yes","Protestant",43,"no",22
1,"yes",13,"no","yes","Protestant",41,"yes",26
4,"yes",13,"no","yes","Protestant",53,"no",27
2,"yes",13,"no","yes","Protestant",42,"no",22
2,"yes",13,"no","yes","Protestant",56,"yes",30
2,"yes",13,"no","yes","Protestant",51,"no",24
0,"yes",13,"no","yes","Protestant",50,"no",27
4,"yes",13,"no","yes","Protestant",56,"no",27
1,"yes",13,"no","yes","Protestant",44,"yes",29
2,"yes",13,"no","yes","Protestant",43,"no",30
4,"yes",12,"yes","yes","Catholic",41,"no",25
1,"no",8,"no","no","Muslim",46,"no",24
2,"no",8,"no","no","Muslim",56,"yes",21
2,"no",8,"no","no","Muslim",42,"no",28
3,"no",8,"no","no","Muslim",44,"no",25
7,"no",8,"no","no","Muslim",54,"yes",22
5,"no",8,"no","no","Muslim",60,"no",25
1,"no",8,"no","no","Muslim",46,"no",27
3,"no",8,"no","no","Muslim",52,"yes",29
2,"no",8,"no","no","Muslim",45,"no",29
8,"no",8,"no","no","Muslim",55,"yes",24
4,"no",8,"no","no","Muslim",41,"yes",20
2,"no",8,"no","no","Muslim",51,"no",26
2,"no",8,"no","no","Muslim",51,"no",17
3,"no",8,"no","no","Muslim",50,"no",23
1,"no",8,"no","no","Muslim",42,"yes",22
2,"no",8,"no","no","Muslim",44,"no",20
7,"no",8,"no","no","Muslim",44,"no",20
5,"no",8,"no","no","Muslim",43,"no",20
3,"no",8,"no","no","Muslim",48,"yes",27
3,"no",8,"no","no","Muslim",48,"yes",28
1,"no",8,"no","no","Muslim",51,"no",21
1,"no",8,"no","no","Muslim",53,"yes",27
4,"no",8,"no","no","Muslim",48,"no",20
3,"no",8,"no","no","Muslim",52,"yes",24
2,"no",8,"no","no","Muslim",59,"no",24
4,"no",8,"no","no","Muslim",48,"no",24
3,"no",8,"no","no","Muslim",45,"no",22
1,"no",8,"no","no","Muslim",59,"yes",22
6,"no",8,"no","no","Muslim",48,"yes",22
2,"no",8,"no","no","Muslim",47,"yes",28
2,"no",8,"no","no","Muslim",40,"no",18
3,"no",8,"no","no","Muslim",51,"no",22
3,"no",8,"no","no","Muslim",40,"yes",19
5,"no",8,"no","no","Muslim",53,"yes",26
0,"no",8,"no","no","Muslim",42,"no",17
3,"no",8,"no","no","Muslim",45,"yes",20
4,"no",8,"no","no","Muslim",45,"yes",20
2,"no",8,"no","no","Muslim",54,"yes",29
0,"no",8,"no","no","Muslim",47,"no",22
2,"no",8,"no","no","Muslim",48,"yes",23
5,"no",8,"no","no","Muslim",50,"yes",25
4,"no",8,"no","no","Muslim",47,"yes",21
3,"no",8,"no","no","Muslim",46,"yes",19
4,"no",8,"no","no","Muslim",40,"yes",18
0,"no",8,"no","no","Muslim",49,"no",26
0,"no",8,"no","no","Muslim",51,"yes",26
2,"no",8,"no","no","Muslim",48,"no",23
3,"no",8,"no","no","Muslim",47,"yes",20
0,"no",8,"no","no","Muslim",52,"yes",19
3,"no",8,"no","no","Muslim",51,"no",18
1,"no",8,"no","no","Muslim",46,"yes",19
1,"no",8,"no","no","Muslim",43,"no",17
1,"no",8,"no","no","Muslim",44,"yes",25
6,"no",8,"no","no","Muslim",56,"yes",21
4,"no",8,"no","no","Muslim",47,"no",24
2,"no",8,"no","no","Muslim",43,"no",24
4,"no",8,"no","no","Muslim",43,"yes",22
3,"no",8,"no","no","Muslim",51,"no",27
3,"no",8,"no","no","Muslim",43,"yes",22
2,"no",8,"no","no","Muslim",40,"yes",20
2,"no",8,"no","no","Muslim",49,"no",28
5,"no",8,"no","no","Muslim",47,"no",19
1,"no",8,"no","no","Muslim",51,"no",24
3,"no",8,"no","no","Muslim",47,"yes",22
3,"no",8,"no","no","Muslim",48,"yes",23
5,"no",8,"no","no","Muslim",46,"no",24
3,"no",8,"no","no","Muslim",51,"yes",25
3,"no",8,"no","no","Muslim",57,"yes",26
2,"no",8,"no","no","Muslim",48,"no",21
5,"no",8,"no","no","Muslim",66,"no",29
2,"no",8,"no","no","Muslim",45,"no",22
3,"no",8,"no","no","Muslim",49,"no",28
3,"no",8,"no","no","Muslim",44,"no",19
2,"no",8,"no","no","Muslim",41,"no",25
9,"no",8,"no","no","Muslim",52,"no",21
3,"yes",8,"no","no","Muslim",43,"yes",26
2,"no",9,"no","no","Muslim",50,"no",21
3,"no",9,"no","no","Muslim",43,"yes",29
2,"no",9,"no","no","Muslim",56,"no",27
1,"no",9,"no","no","Muslim",56,"no",25
2,"yes",9,"no","no","Muslim",61,"yes",18
2,"yes",9,"no","no","Muslim",53,"yes",20
2,"yes",9,"no","no","Muslim",58,"yes",22
2,"yes",9,"no","no","Muslim",64,"yes",26
6,"yes",9,"no","no","Muslim",68,"yes",29
5,"yes",9,"no","no","Muslim",62,"no",24
5,"yes",9,"no","no","Muslim",58,"yes",22
2,"yes",9,"no","no","Muslim",55,"yes",24
3,"yes",9,"no","no","Muslim",73,"yes",24
0,"yes",9,"no","no","Muslim",62,"no",30
2,"yes",9,"no","no","Muslim",61,"no",26
1,"yes",9,"no","no","Muslim",63,"no",25
1,"yes",9,"no","no","Muslim",55,"yes",21
3,"yes",9,"no","no","Muslim",61,"no",26
3,"yes",9,"no","no","Muslim",46,"yes",20
3,"yes",9,"no","no","Muslim",55,"yes",22
4,"yes",9,"no","no","Muslim",56,"yes",20
2,"yes",9,"no","no","Muslim",53,"yes",26
4,"yes",9,"no","no","Muslim",44,"no",19
3,"yes",9,"no","no","Muslim",75,"yes",26
3,"yes",9,"no","no","Muslim",58,"no",20
1,"yes",9,"no","no","Muslim",41,"no",21
1,"yes",9,"no","no","Muslim",54,"yes",20
3,"yes",9,"no","no","Muslim",54,"yes",25
6,"yes",9,"no","no","Muslim",61,"yes",24
0,"yes",9,"no","no","Muslim",60,"no",21
4,"yes",9,"no","no","Muslim",53,"no",20
2,"yes",9,"no","no","Muslim",44,"yes",21
2,"yes",9,"no","no","Muslim",59,"yes",22
3,"yes",9,"no","no","Muslim",49,"yes",25
1,"yes",9,"no","no","Muslim",69,"yes",26
3,"yes",9,"no","no","Muslim",45,"no",23
1,"yes",9,"no","no","Muslim",64,"yes",27
2,"yes",9,"no","no","Muslim",57,"yes",23
3,"yes",9,"no","no","Muslim",53,"yes",19
1,"yes",9,"no","no","Muslim",43,"no",22
1,"yes",9,"no","no","Muslim",54,"no",30
1,"yes",9,"no","no","Muslim",57,"no",20
3,"yes",9,"no","no","Muslim",47,"yes",21
3,"yes",9,"no","no","Muslim",64,"yes",28
4,"yes",9,"no","no","Muslim",51,"no",21
1,"yes",9,"no","no","Muslim",43,"yes",28
6,"yes",9,"no","no","Muslim",51,"yes",19
6,"yes",9,"no","no","Muslim",52,"yes",22
2,"yes",9,"no","no","Muslim",47,"yes",21
4,"yes",9,"no","no","Muslim",50,"yes",27
2,"yes",9,"no","no","Muslim",51,"yes",23
2,"yes",9,"no","no","Muslim",48,"no",21
2,"yes",9,"no","no","Muslim",59,"no",23
2,"yes",9,"no","no","Muslim",64,"no",21
6,"yes",9,"no","no","Muslim",64,"no",27
1,"yes",9,"no","no","Muslim",56,"yes",23
1,"yes",9,"no","no","Muslim",66,"yes",29
3,"yes",9,"no","no","Muslim",56,"yes",23
2,"yes",9,"no","no","Muslim",60,"yes",25
0,"yes",9,"no","no","Muslim",79,"yes",27
3,"yes",9,"no","no","Muslim",52,"no",17
1,"yes",9,"no","no","Muslim",48,"yes",23
2,"yes",9,"no","no","Muslim",61,"no",24
2,"yes",9,"no","no","Muslim",74,"yes",26
4,"yes",9,"no","no","Muslim",55,"yes",26
4,"yes",9,"no","no","Muslim",47,"yes",21
2,"yes",9,"no","no","Muslim",45,"yes",24
2,"yes",9,"no","no","Muslim",48,"no",24
2,"yes",9,"no","no","Muslim",53,"yes",24
6,"yes",9,"no","no","Muslim",52,"yes",29
5,"yes",9,"no","no","Muslim",53,"yes",26
0,"yes",9,"no","no","Muslim",59,"no",17
2,"yes",9,"no","no","Muslim",59,"no",27
2,"yes",9,"no","no","Muslim",61,"no",27
1,"yes",9,"no","no","Muslim",44,"yes",22
1,"yes",9,"no","no","Muslim",59,"yes",30
3,"yes",9,"no","no","Muslim",48,"no",20
2,"yes",9,"no","no","Muslim",44,"yes",28
1,"yes",9,"no","no","Muslim",60,"yes",23
7,"yes",9,"no","no","Muslim",48,"yes",19
2,"yes",9,"no","no","Muslim",42,"yes",22
1,"yes",9,"no","no","Muslim",44,"yes",19
2,"yes",9,"no","no","Muslim",45,"yes",18
2,"yes",9,"no","no","Muslim",50,"yes",24
2,"yes",9,"no","no","Muslim",42,"yes",19
2,"yes",9,"no","no","Muslim",59,"yes",24
2,"yes",9,"no","no","Muslim",51,"yes",22
1,"yes",9,"no","no","Muslim",56,"yes",25
1,"yes",9,"no","no","Muslim",54,"yes",24
2,"yes",9,"no","no","Muslim",52,"yes",21
2,"yes",9,"no","no","Muslim",57,"yes",20
1,"yes",9,"no","no","Muslim",55,"no",22
3,"yes",9,"no","no","Muslim",56,"no",19
4,"yes",9,"no","no","Muslim",46,"yes",20
3,"yes",9,"no","no","Muslim",56,"yes",19
3,"yes",9,"no","no","Muslim",58,"yes",23
3,"yes",9,"no","no","Muslim",48,"yes",22
6,"yes",9,"no","no","Muslim",46,"no",21
2,"yes",9,"no","no","Muslim",49,"no",23
2,"yes",9,"no","no","Muslim",71,"yes",29
1,"yes",9,"no","no","Muslim",42,"no",21
1,"yes",9,"no","no","Muslim",56,"yes",24
2,"yes",9,"no","no","Muslim",53,"yes",23
3,"yes",9,"no","no","Muslim",45,"yes",22
1,"yes",9,"no","no","Muslim",56,"yes",29
2,"yes",9,"no","no","Muslim",49,"yes",22
1,"yes",9,"no","no","Muslim",58,"yes",23
3,"yes",9,"no","no","Muslim",50,"no",23
4,"yes",9,"no","no","Muslim",67,"yes",29
6,"yes",9,"no","no","Muslim",55,"yes",25
7,"yes",9,"no","no","Muslim",46,"no",17
2,"yes",9,"no","no","Muslim",43,"no",21
2,"yes",9,"no","no","Muslim",65,"no",29
3,"yes",9,"no","no","Muslim",56,"no",25
4,"yes",9,"no","no","Muslim",59,"yes",25
4,"yes",9,"no","no","Muslim",46,"yes",22
3,"yes",9,"no","no","Muslim",62,"yes",26
4,"yes",9,"no","no","Muslim",52,"yes",21
7,"yes",9,"no","no","Muslim",60,"yes",24
3,"yes",9,"no","no","Muslim",50,"yes",23
6,"yes",9,"no","no","Muslim",55,"yes",23
3,"yes",9,"no","no","Muslim",40,"no",18
2,"yes",9,"no","no","Muslim",54,"yes",25
3,"yes",9,"no","no","Muslim",51,"yes",23
3,"yes",9,"no","no","Muslim",44,"yes",24
3,"yes",9,"no","no","Muslim",63,"yes",29
3,"yes",9,"no","no","Muslim",49,"yes",19
2,"yes",9,"no","no","Muslim",40,"yes",24
3,"yes",9,"no","no","Muslim",63,"yes",26
2,"yes",9,"no","no","Muslim",65,"no",22
2,"yes",9,"no","no","Muslim",63,"yes",18
6,"yes",9,"no","no","Muslim",58,"yes",25
2,"yes",9,"no","no","Muslim",46,"yes",26
0,"yes",9,"no","no","Muslim",55,"no",22
2,"yes",9,"no","no","Muslim",45,"yes",22
1,"yes",9,"no","no","Muslim",53,"yes",25
5,"yes",9,"no","no","Muslim",50,"yes",26
2,"yes",9,"no","no","Muslim",58,"yes",28
2,"yes",9,"no","no","Muslim",47,"yes",23
3,"yes",9,"no","no","Muslim",50,"yes",27
3,"yes",9,"no","no","Muslim",42,"yes",19
2,"yes",9,"no","no","Muslim",49,"no",20
1,"yes",9,"no","no","Muslim",64,"yes",21
2,"yes",9,"no","no","Muslim",60,"yes",24
2,"yes",9,"no","no","Muslim",45,"yes",23
2,"yes",9,"no","no","Muslim",70,"yes",26
7,"yes",9,"no","no","Muslim",58,"yes",23
3,"yes",9,"no","no","Muslim",46,"yes",24
4,"yes",9,"no","no","Muslim",48,"yes",25
0,"yes",9,"no","no","Muslim",47,"yes",24
2,"yes",9,"no","no","Muslim",45,"yes",24
4,"yes",9,"no","no","Muslim",76,"yes",25
3,"yes",9,"no","no","Muslim",42,"yes",22
2,"yes",9,"no","no","Muslim",57,"yes",29
2,"yes",9,"no","no","Muslim",49,"yes",27
2,"yes",9,"no","no","Muslim",43,"yes",24
4,"yes",9,"no","no","Muslim",54,"yes",22
4,"yes",9,"no","no","Muslim",50,"no",19
5,"yes",9,"no","no","Muslim",46,"yes",21
2,"yes",9,"no","no","Muslim",41,"yes",22
2,"yes",9,"no","no","Muslim",61,"yes",22
4,"yes",9,"no","no","Muslim",62,"no",21
4,"yes",9,"no","no","Muslim",47,"yes",22
3,"yes",9,"no","no","Muslim",52,"yes",24
3,"yes",9,"no","no","Muslim",58,"yes",25
2,"yes",9,"no","no","Muslim",76,"yes",26
2,"yes",9,"no","no","Muslim",54,"yes",19
1,"yes",9,"no","no","Muslim",43,"yes",25
4,"yes",9,"no","no","Muslim",62,"yes",21
5,"yes",9,"no","no","Muslim",60,"yes",24
3,"yes",9,"no","no","Muslim",63,"yes",26
1,"yes",9,"no","no","Muslim",49,"yes",22
1,"yes",9,"no","no","Muslim",60,"yes",29
2,"yes",9,"no","no","Muslim",52,"yes",24
2,"yes",9,"no","no","Muslim",52,"yes",28
2,"yes",9,"no","no","Muslim",42,"yes",21
4,"yes",9,"no","no","Muslim",55,"yes",21
1,"yes",9,"no","no","Muslim",49,"yes",22
3,"yes",9,"no","no","Muslim",61,"yes",30
0,"yes",9,"no","no","Muslim",60,"yes",25
3,"yes",10,"no","no","Muslim",73,"no",27
2,"yes",10,"no","no","Muslim",44,"no",23
3,"yes",10,"no","no","Muslim",64,"no",21
2,"yes",10,"no","no","Muslim",57,"no",24
2,"yes",10,"no","no","Muslim",68,"no",21
4,"yes",10,"no","no","Muslim",45,"no",18
2,"yes",10,"no","no","Muslim",58,"yes",22
3,"yes",10,"no","no","Muslim",68,"no",18
3,"yes",10,"no","no","Muslim",53,"no",23
1,"yes",10,"no","no","Muslim",51,"no",20
2,"yes",10,"no","no","Muslim",51,"no",22
2,"yes",10,"no","no","Muslim",64,"yes",28
0,"yes",10,"no","no","Muslim",41,"no",21
2,"yes",10,"no","no","Muslim",46,"yes",25
5,"yes",10,"no","no","Muslim",56,"no",24
3,"yes",10,"no","no","Muslim",61,"no",24
4,"yes",10,"no","no","Muslim",60,"yes",26
1,"no",8,"yes","no","Muslim",44,"no",23
4,"no",8,"yes","no","Muslim",44,"no",20
4,"no",8,"yes","no","Muslim",53,"no",26
4,"no",8,"yes","no","Muslim",54,"no",21
1,"no",8,"yes","no","Muslim",43,"no",26
2,"no",8,"yes","no","Muslim",41,"yes",23
2,"no",8,"yes","no","Muslim",49,"no",30
2,"no",8,"yes","no","Muslim",43,"no",17
0,"no",8,"yes","no","Muslim",46,"no",19
3,"no",8,"yes","no","Muslim",64,"no",26
0,"no",8,"yes","no","Muslim",41,"yes",23
2,"yes",8,"yes","no","Muslim",69,"yes",19
2,"yes",8,"yes","no","Muslim",55,"yes",25
2,"yes",8,"yes","no","Muslim",48,"no",26
0,"no",9,"yes","no","Muslim",73,"no",26
2,"yes",9,"yes","no","Muslim",43,"no",25
2,"yes",9,"yes","no","Muslim",41,"yes",20
2,"yes",9,"yes","no","Muslim",41,"no",24
1,"yes",9,"yes","no","Muslim",66,"no",23
2,"yes",9,"yes","no","Muslim",48,"no",23
2,"yes",9,"yes","no","Muslim",60,"yes",25
1,"yes",9,"yes","no","Muslim",49,"no",19
1,"yes",9,"yes","no","Muslim",64,"no",28
2,"yes",9,"yes","no","Muslim",46,"no",27
1,"yes",9,"yes","no","Muslim",45,"yes",25
2,"yes",9,"yes","no","Muslim",41,"yes",21
3,"yes",9,"yes","no","Muslim",60,"no",26
2,"yes",9,"yes","no","Muslim",62,"no",26
1,"yes",9,"yes","no","Muslim",71,"no",27
1,"yes",9,"yes","no","Muslim",52,"no",19
0,"yes",9,"yes","no","Muslim",51,"no",22
3,"yes",9,"yes","no","Muslim",71,"yes",26
7,"yes",9,"yes","no","Muslim",51,"no",18
2,"yes",9,"yes","no","Muslim",61,"yes",27
2,"yes",9,"yes","no","Muslim",44,"yes",24
2,"yes",9,"yes","no","Muslim",40,"no",21
2,"yes",9,"yes","no","Muslim",52,"yes",22
2,"yes",9,"yes","no","Muslim",43,"no",25
1,"yes",9,"yes","no","Muslim",56,"no",21
1,"yes",9,"yes","no","Muslim",46,"no",29
1,"yes",9,"yes","no","Muslim",61,"no",21
2,"yes",9,"yes","no","Muslim",51,"no",22
1,"yes",9,"yes","no","Muslim",48,"no",18
2,"yes",9,"yes","no","Muslim",63,"yes",28
2,"yes",9,"yes","no","Muslim",47,"no",21
2,"yes",9,"yes","no","Muslim",51,"no",24
2,"yes",9,"yes","no","Muslim",61,"no",27
2,"yes",9,"yes","no","Muslim",72,"no",22
1,"yes",9,"yes","no","Muslim",69,"no",24
2,"yes",9,"yes","no","Muslim",43,"yes",21
2,"yes",9,"yes","no","Muslim",47,"no",23
2,"yes",9,"yes","no","Muslim",43,"no",22
1,"yes",9,"yes","no","Muslim",41,"yes",22
0,"yes",9,"yes","no","Muslim",47,"yes",28
2,"yes",9,"yes","no","Muslim",60,"yes",21
2,"yes",9,"yes","no","Muslim",40,"no",18
4,"yes",9,"yes","no","Muslim",55,"yes",22
2,"yes",9,"yes","no","Muslim",59,"no",29
8,"yes",9,"yes","no","Muslim",44,"yes",20
1,"yes",9,"yes","no","Muslim",65,"yes",30
2,"yes",9,"yes","no","Muslim",62,"yes",24
3,"yes",9,"yes","no","Muslim",46,"yes",24
4,"yes",9,"yes","no","Muslim",50,"no",26
4,"yes",9,"yes","no","Muslim",40,"yes",21
5,"yes",9,"yes","no","Muslim",69,"yes",23
2,"yes",9,"yes","no","Muslim",70,"no",26
1,"yes",9,"yes","no","Muslim",43,"no",23
2,"yes",9,"yes","no","Muslim",41,"yes",19
1,"yes",9,"yes","no","Muslim",55,"no",22
4,"yes",9,"yes","no","Muslim",53,"yes",21
2,"yes",9,"yes","no","Muslim",50,"no",23
2,"yes",9,"yes","no","Muslim",63,"yes",25
5,"yes",9,"yes","no","Muslim",42,"yes",18
2,"yes",9,"yes","no","Muslim",40,"yes",29
2,"yes",9,"yes","no","Muslim",53,"no",23
1,"yes",9,"yes","no","Muslim",52,"no",22
3,"yes",9,"yes","no","Muslim",63,"no",30
0,"yes",9,"yes","no","Muslim",47,"no",24
2,"yes",9,"yes","no","Muslim",63,"yes",20
3,"yes",9,"yes","no","Muslim",49,"no",22
2,"yes",9,"yes","no","Muslim",63,"no",25
1,"yes",9,"yes","no","Muslim",44,"yes",27
2,"yes",9,"yes","no","Muslim",61,"no",30
2,"yes",9,"yes","no","Muslim",40,"yes",19
3,"yes",9,"yes","no","Muslim",63,"yes",23
2,"yes",9,"yes","no","Muslim",47,"no",22
2,"yes",9,"yes","no","Muslim",79,"yes",30
1,"yes",9,"yes","no","Muslim",49,"yes",22
3,"yes",9,"yes","no","Muslim",46,"no",24
2,"yes",9,"yes","no","Muslim",44,"yes",21
3,"yes",9,"yes","no","Muslim",42,"yes",20
2,"yes",9,"yes","no","Muslim",69,"no",21
3,"yes",9,"yes","no","Muslim",58,"yes",24
2,"yes",9,"yes","no","Muslim",41,"no",20
3,"yes",9,"yes","no","Muslim",42,"yes",21
3,"yes",9,"yes","no","Muslim",49,"yes",23
2,"yes",9,"yes","no","Muslim",43,"no",21
2,"yes",9,"yes","no","Muslim",45,"no",22
4,"yes",9,"yes","no","Muslim",44,"yes",20
2,"yes",9,"yes","no","Muslim",42,"no",21
2,"yes",9,"yes","no","Muslim",69,"no",23
4,"yes",9,"yes","no","Muslim",43,"yes",20
4,"yes",9,"yes","no","Muslim",52,"no",26
1,"yes",9,"yes","no","Muslim",58,"yes",24
3,"yes",9,"yes","no","Muslim",44,"yes",23
4,"yes",9,"yes","no","Muslim",50,"yes",26
2,"yes",9,"yes","no","Muslim",44,"yes",22
4,"yes",9,"yes","no","Muslim",41,"yes",22
2,"yes",9,"yes","no","Muslim",55,"yes",20
2,"yes",9,"yes","no","Muslim",40,"no",19
1,"yes",9,"yes","no","Muslim",47,"yes",30
0,"yes",9,"yes","no","Muslim",54,"yes",26
1,"yes",9,"yes","no","Muslim",48,"yes",24
2,"yes",9,"yes","no","Muslim",57,"no",21
0,"yes",9,"yes","no","Muslim",67,"no",26
2,"yes",9,"yes","no","Muslim",50,"no",27
2,"yes",9,"yes","no","Muslim",51,"yes",21
3,"yes",9,"yes","no","Muslim",41,"no",21
0,"yes",9,"yes","no","Muslim",55,"no",23
3,"yes",9,"yes","no","Muslim",56,"no",22
1,"yes",9,"yes","no","Muslim",67,"no",21
0,"yes",9,"yes","no","Muslim",56,"no",29
2,"yes",9,"yes","no","Muslim",55,"no",27
4,"yes",9,"yes","no","Muslim",47,"no",20
2,"yes",9,"yes","no","Muslim",55,"no",22
2,"yes",9,"yes","no","Muslim",45,"no",19
1,"yes",9,"yes","no","Muslim",48,"no",25
1,"yes",9,"yes","no","Muslim",43,"no",22
3,"yes",9,"yes","no","Muslim",50,"yes",22
1,"yes",9,"yes","no","Muslim",44,"no",23
3,"yes",9,"yes","no","Muslim",46,"yes",27
2,"yes",9,"yes","no","Muslim",41,"no",24
2,"yes",9,"yes","no","Muslim",44,"no",21
4,"yes",9,"yes","no","Muslim",46,"yes",22
4,"yes",9,"yes","no","Muslim",50,"no",24
2,"yes",9,"yes","no","Muslim",46,"yes",27
2,"yes",9,"yes","no","Muslim",43,"no",21
2,"yes",9,"yes","no","Muslim",48,"yes",23
2,"yes",9,"yes","no","Muslim",61,"no",26
1,"yes",9,"yes","no","Muslim",62,"yes",22
2,"yes",9,"yes","no","Muslim",41,"no",20
1,"yes",9,"yes","no","Muslim",52,"yes",22
2,"yes",9,"yes","no","Muslim",44,"no",21
4,"yes",9,"yes","no","Muslim",47,"no",19
1,"yes",9,"yes","no","Muslim",44,"no",18
4,"yes",9,"yes","no","Muslim",67,"yes",26
0,"yes",9,"yes","no","Muslim",51,"yes",21
2,"yes",9,"yes","no","Muslim",53,"no",24
1,"yes",9,"yes","no","Muslim",40,"yes",23
2,"yes",9,"yes","no","Muslim",43,"no",23
0,"yes",9,"yes","no","Muslim",50,"no",23
1,"yes",9,"yes","no","Muslim",72,"no",26
4,"yes",9,"yes","no","Muslim",43,"yes",23
1,"yes",9,"yes","no","Muslim",64,"yes",26
2,"yes",9,"yes","no","Muslim",55,"yes",28
2,"yes",9,"yes","no","Muslim",52,"yes",29
3,"yes",9,"yes","no","Muslim",41,"yes",26
2,"yes",9,"yes","no","Muslim",45,"yes",26
2,"yes",9,"yes","no","Muslim",46,"no",23
1,"no",10,"yes","no","Muslim",41,"yes",30
2,"no",10,"yes","no","Muslim",40,"no",26
4,"yes",10,"yes","no","Muslim",56,"no",23
5,"yes",10,"yes","no","Muslim",48,"no",20
2,"yes",10,"yes","no","Muslim",41,"no",22
3,"yes",10,"yes","no","Muslim",48,"yes",30
2,"yes",10,"yes","no","Muslim",48,"no",29
1,"yes",10,"yes","no","Muslim",58,"no",27
4,"yes",10,"yes","no","Muslim",59,"no",27
3,"yes",10,"yes","no","Muslim",56,"yes",25
2,"yes",10,"yes","no","Muslim",46,"no",29
2,"yes",10,"yes","no","Muslim",42,"no",24
3,"yes",10,"yes","no","Muslim",51,"yes",29
3,"yes",10,"yes","no","Muslim",66,"no",24
0,"yes",10,"yes","no","Muslim",54,"no",23
2,"yes",10,"yes","no","Muslim",49,"no",28
2,"yes",10,"yes","no","Muslim",40,"yes",22
1,"yes",10,"yes","no","Muslim",46,"yes",22
2,"yes",10,"yes","no","Muslim",49,"no",20
3,"yes",10,"yes","no","Muslim",43,"no",23
4,"yes",10,"yes","no","Muslim",63,"no",22
0,"yes",10,"yes","no","Muslim",46,"yes",21
3,"yes",10,"yes","no","Muslim",71,"yes",25
2,"yes",10,"yes","no","Muslim",51,"no",22
1,"yes",10,"yes","no","Muslim",73,"yes",24
2,"yes",10,"yes","no","Muslim",51,"yes",20
2,"yes",10,"yes","no","Muslim",49,"no",22
0,"yes",10,"yes","no","Muslim",55,"no",24
2,"yes",10,"yes","no","Muslim",44,"no",27
3,"yes",10,"yes","no","Muslim",43,"no",23
2,"yes",10,"yes","no","Muslim",42,"yes",21
4,"yes",10,"yes","no","Muslim",45,"yes",29
1,"yes",10,"yes","no","Muslim",52,"yes",24
1,"yes",10,"yes","no","Muslim",47,"no",20
1,"yes",10,"yes","no","Muslim",45,"no",23
2,"yes",10,"yes","no","Muslim",47,"no",24
2,"yes",10,"yes","no","Muslim",45,"no",23
2,"yes",10,"yes","no","Muslim",45,"no",21
3,"yes",10,"yes","no","Muslim",44,"yes",29
0,"yes",10,"yes","no","Muslim",46,"no",30
3,"yes",10,"yes","no","Muslim",45,"no",21
2,"yes",10,"yes","no","Muslim",61,"yes",27
3,"yes",10,"yes","no","Muslim",62,"no",29
2,"yes",10,"yes","no","Muslim",47,"yes",24
2,"yes",10,"yes","no","Muslim",41,"no",24
2,"yes",10,"yes","no","Muslim",47,"yes",27
4,"yes",10,"yes","no","Muslim",44,"yes",22
4,"yes",10,"yes","no","Muslim",52,"yes",22
4,"yes",10,"yes","no","Muslim",55,"yes",26
2,"yes",10,"yes","no","Muslim",46,"no",24
1,"yes",12,"yes","no","Muslim",48,"yes",28
2,"yes",12,"yes","no","Muslim",52,"no",29
2,"yes",13,"yes","no","Muslim",57,"no",26
0,"yes",13,"yes","no","Muslim",71,"no",28
5,"yes",13,"yes","no","Muslim",69,"no",28
2,"yes",13,"yes","no","Muslim",52,"no",24
2,"yes",10,"no","yes","Muslim",55,"no",26
2,"yes",10,"no","yes","Muslim",46,"no",21
3,"yes",12,"no","yes","Muslim",57,"no",24
2,"yes",12,"no","yes","Muslim",42,"no",23
4,"yes",12,"no","yes","Muslim",62,"no",28
3,"yes",13,"no","yes","Muslim",56,"no",23
2,"yes",13,"no","yes","Muslim",43,"yes",29
0,"yes",13,"no","yes","Muslim",44,"no",28
3,"yes",13,"no","yes","Muslim",51,"no",28
2,"yes",13,"no","yes","Muslim",45,"yes",23
2,"yes",13,"no","yes","Muslim",41,"no",25
2,"yes",13,"no","yes","Muslim",56,"no",25
2,"yes",13,"no","yes","Muslim",58,"no",25
0,"yes",12,"yes","yes","Muslim",44,"no",24
